id,xcoord,ycoord
1,49436.1073586671,424813.2215650694
2,49548.74029242319,424369.3152968109
3,49717.689693064734,423948.5981619752
